chunk_id,source_id,source_file,source_type,title,category,product,component,risk_level,content,allowed_for_ai
chunk-00001,kb-0001,Base_de_conhecimento_exportada__Sheet1.csv,kb_article,Criação de VPN-IPSEC - FORTIGATE - KB [PHONE_MASKED],KBs Internos,,,low,Criação de VPN-IPSEC - FORTIGATE - KB [PHONE_MASKED] | KBs Internos |  |  | Autor: Breno Viana | ID: [PHONE_MASKED] | Título: Criação de VPN-IPSEC - FORTIGATE - KB [PHONE_MASKED] | Tipo: Permanent | Status: Published | Data de criação: 2026-05-05 12:23:22 | Categoria: KBs Internos | Pasta: Fortinet | Data modificada: 2026-05-11 11:26:22 | Criado a partir do problema: FALSE | Last Updated: 2026-05-11 11:26:22,true
chunk-00002,kb-0002,Base_de_conhecimento_exportada__Sheet1.csv,kb_article,Nutanix - Server Not Reachable — KB-[PHONE_MASKED],KBs Internos,Nutanix,,low,Nutanix - Server Not Reachable — KB-[PHONE_MASKED] | KBs Internos | Nutanix |  | Autor: Breno Viana | ID: [PHONE_MASKED] | Título: Nutanix - Server Not Reachable — KB-[PHONE_MASKED] | Tipo: Permanent | Status: Published | Data de criação: 2026-05-14 14:52:37 | Categoria: KBs Internos | Pasta: Nutanix | Data modificada: 2026-05-20 09:26:54 | Criado a partir do problema: FALSE | Viewed by Name: Breno Viana | Last Updated: 2026-05-20 09:26:54,true
chunk-00003,kb-0003,Base_de_conhecimento_exportada__Sheet1.csv,kb_article,Disk Space Usage High for /home/log/audit on PCVM XXX.XXX.XXX.XXX — KB [PHONE_MASKED],KBs Internos,Nutanix,CVM,low,Disk Space Usage High for /home/log/audit on PCVM XXX.XXX.XXX.XXX — KB [PHONE_MASKED] | KBs Internos | Nutanix | CVM | Autor: Breno Viana | ID: [PHONE_MASKED] | Título: Disk Space Usage High for /home/log/audit on PCVM XXX.XXX.XXX.XXX — KB [PHONE_MASKED] | Tipo: Permanent | Status: Draft | Data de criação: 2026-06-09 13:17:37 | Categoria: KBs Internos | Pasta: Nutanix | Data modificada: 2026-06-15 17:49:21 | Criado a partir do problema: FALSE | Viewed by Name: Beatriz Gadelha | Last Updated: 2026-06-15 17:48:47,true
chunk-00004,kb-0004,Base_de_conhecimento_exportada__Sheet1.csv,kb_article,Disk Space Usage High for /home/log/audit on PCVM XXX.XXX.XXX.XXX — KB [PHONE_MASKED],KBs Internos,Nutanix,CVM,low,Disk Space Usage High for /home/log/audit on PCVM XXX.XXX.XXX.XXX — KB [PHONE_MASKED] | KBs Internos | Nutanix | CVM | Autor: Breno Viana | ID: [PHONE_MASKED] | Título: Disk Space Usage High for /home/log/audit on PCVM XXX.XXX.XXX.XXX — KB [PHONE_MASKED] | Tipo: Permanent | Status: Draft | Data de criação: 2026-06-09 13:17:37 | Categoria: KBs Internos | Pasta: Nutanix | Data modificada: 2026-06-15 17:49:21 | Criado a partir do problema: FALSE | Viewed by Name: Breno Viana | Last Updated: 2026-06-15 17:48:47,true
chunk-00005,kb-0005,Base_de_conhecimento_exportada__Sheet1.csv,kb_article,Guia para abertura de chamados na Freshservice,Dúvidas Frequentes / Suporte,,,low,Guia para abertura de chamados na Freshservice | Dúvidas Frequentes / Suporte |  |  | Autor: Andre Garcia | ID: [PHONE_MASKED] | Título: Guia para abertura de chamados na Freshservice | Tipo: Permanent | Status: Published | Data de criação: 2025-07-02 18:14:26 | Categoria: Dúvidas Frequentes / Suporte | Pasta: Manuais | Data modificada: 2025-07-02 18:18:50 | Criado a partir do problema: FALSE | Ticket associado ID: [TICKET_ID_MASKED] | Last Updated: 2025-07-02 18:18:50,true
chunk-00006,kb-0006,Base_de_conhecimento_exportada__Sheet1.csv,kb_article,Criação e Configuração de VLAN porta trunk no Juniper — KB-[PHONE_MASKED],KBs Internos,,,low,Criação e Configuração de VLAN porta trunk no Juniper — KB-[PHONE_MASKED] | KBs Internos |  |  | Autor: Marcos Martins | ID: [PHONE_MASKED] | Título: Criação e Configuração de VLAN porta trunk no Juniper — KB-[PHONE_MASKED] | Tipo: Permanent | Status: Published | Data de criação: 2025-08-14 17:31:52 | Categoria: KBs Internos | Pasta: Juniper | Data modificada: 2026-04-29 11:21:35 | Ticket associado ID: MI-1139 | Criado por Freddy: Beatriz Gadelha | Last Updated: 2026-04-29 11:21:35,true
chunk-00007,kb-0007,Base_de_conhecimento_exportada__Sheet1.csv,kb_article,Atualização do PostgreSQL — KB-[PHONE_MASKED],KBs Internos,,,low,Atualização do PostgreSQL — KB-[PHONE_MASKED] | KBs Internos |  |  | Autor: Marcos Martins | ID: [PHONE_MASKED] | Título: Atualização do PostgreSQL — KB-[PHONE_MASKED] | Tipo: Permanent | Status: Published | Data de criação: 2025-08-18 11:06:07 | Categoria: KBs Internos | Pasta: Veeam | Data modificada: 2026-04-29 10:09:45 | Criado por Freddy: Andre Garcia | Last Updated: 2026-04-29 10:09:45,true
chunk-00008,kb-0008,Base_de_conhecimento_exportada__Sheet1.csv,kb_article,Ativar 'Application-Aware Processing' — KB-[PHONE_MASKED],KBs Internos,,,low,Ativar 'Application-Aware Processing' — KB-[PHONE_MASKED] | KBs Internos |  |  | Autor: Marcos Martins | ID: [PHONE_MASKED] | Título: Ativar 'Application-Aware Processing' — KB-[PHONE_MASKED] | Tipo: Permanent | Status: Published | Data de criação: 2025-12-09 16:42:03 | Categoria: KBs Internos | Pasta: Veeam | Data modificada: 2026-04-29 10:08:51 | Ticket associado ID: [TICKET_ID_MASKED] | Criado por Freddy: Beatriz Gadelha | Last Updated: 2026-04-29 10:08:51,true
chunk-00009,kb-0009,Base_de_conhecimento_exportada__Sheet1.csv,kb_article,Ativar 'Application-Aware Processing' — KB-[PHONE_MASKED],KBs Internos,,,low,Ativar 'Application-Aware Processing' — KB-[PHONE_MASKED] | KBs Internos |  |  | Autor: Marcos Martins | ID: [PHONE_MASKED] | Título: Ativar 'Application-Aware Processing' — KB-[PHONE_MASKED] | Tipo: Permanent | Status: Published | Data de criação: 2025-12-09 16:42:03 | Categoria: KBs Internos | Pasta: Veeam | Data modificada: 2026-04-29 10:08:51 | Criado por Freddy: Ana Paula Costa | Last Updated: 2026-04-29 10:08:51,true
chunk-00010,kb-0010,Base_de_conhecimento_exportada__Sheet1.csv,kb_article,Diagnóstico e Tratamento de Erro de Memória (DIMM RAS / hPPR) — KB-[PHONE_MASKED],KBs Internos,Nutanix,,medium,Diagnóstico e Tratamento de Erro de Memória (DIMM RAS / hPPR) — KB-[PHONE_MASKED] | KBs Internos | Nutanix |  | Autor: Marcos Martins | ID: [PHONE_MASKED] | Título: Diagnóstico e Tratamento de Erro de Memória (DIMM RAS / hPPR) — KB-[PHONE_MASKED] | Tipo: Permanent | Status: Draft | Data de criação: 2026-05-08 14:52:12 | Categoria: KBs Internos | Pasta: Nutanix | Data modificada: 2026-05-26 15:35:58 | Criado por Freddy: Beatriz Gadelha | Last Updated: 2026-05-27 01:00:01,true
chunk-00011,kb-0011,Base_de_conhecimento_exportada__Sheet1.csv,kb_article,Configuração de SSH sem senha em cluster Nutanix — KB-[PHONE_MASKED],KBs Internos,Nutanix,,high,Configuração de SSH sem senha em cluster Nutanix — KB-[PHONE_MASKED] | KBs Internos | Nutanix |  | Autor: Marcos Martins | ID: [PHONE_MASKED] | Título: Configuração de SSH sem senha em cluster Nutanix — KB-[PHONE_MASKED] | Tipo: Permanent | Status: Draft | Data de criação: 2026-05-18 11:46:31 | Categoria: KBs Internos | Pasta: Nutanix | Data modificada: 2026-05-18 11:46:43 | Criado por Freddy: Beatriz Gadelha | Last Updated: 2026-05-26 12:44:11,true
chunk-00012,kb-0012,Base_de_conhecimento_exportada__Sheet1.csv,kb_article,LCM Connectivity Issue — KB-[PHONE_MASKED],KBs Internos,Nutanix,LCM,low,LCM Connectivity Issue — KB-[PHONE_MASKED] | KBs Internos | Nutanix | LCM | Autor: Beatriz Gadelha | ID: [PHONE_MASKED] | Título: LCM Connectivity Issue — KB-[PHONE_MASKED] | Tipo: Permanent | Status: Published | Data de criação: 2025-07-24 17:39:23 | Categoria: KBs Internos | Pasta: Nutanix | Data modificada: 2026-05-18 09:28:37 | Criado a partir do problema: FALSE | Last Updated: 2026-05-18 09:28:37,true
chunk-00013,kb-0013,Base_de_conhecimento_exportada__Sheet1.csv,kb_article,Migrar OVS bridge br0 de um Virtual Switch no Nutanix — KB-[PHONE_MASKED],KBs Internos,Nutanix,,low,Migrar OVS bridge br0 de um Virtual Switch no Nutanix — KB-[PHONE_MASKED] | KBs Internos | Nutanix |  | Autor: Beatriz Gadelha | ID: [PHONE_MASKED] | Título: Migrar OVS bridge br0 de um Virtual Switch no Nutanix — KB-[PHONE_MASKED] | Tipo: Permanent | Status: Published | Data de criação: 2025-07-24 17:42:10 | Categoria: KBs Internos | Pasta: Nutanix | Data modificada: 2026-04-29 10:11:50 | Criado a partir do problema: FALSE | Criado por Freddy: Beatriz Gadelha | Last Updated: 2026-04-29 10:11:50,true
chunk-00014,kb-0014,Base_de_conhecimento_exportada__Sheet1.csv,kb_article,Apagar Orphan Snapshot — KB-[PHONE_MASKED],KBs Internos,Nutanix,,low,Apagar Orphan Snapshot — KB-[PHONE_MASKED] | KBs Internos | Nutanix |  | Autor: Beatriz Gadelha | ID: [PHONE_MASKED] | Título: Apagar Orphan Snapshot — KB-[PHONE_MASKED] | Tipo: Permanent | Status: Published | Data de criação: 2025-07-25 10:55:05 | Categoria: KBs Internos | Pasta: Nutanix | Data modificada: 2026-05-04 10:48:38 | Criado a partir do problema: FALSE | Ticket associado ID: [TICKET_ID_MASKED] | Criado por Freddy: Beatriz Gadelha | Last Updated: 2026-05-04 10:48:38,true
chunk-00015,kb-0015,Base_de_conhecimento_exportada__Sheet1.csv,kb_article,Mudar Todas as Senhas SSH em um Cluster Nutanix — KB-[PHONE_MASKED],KBs Internos,Nutanix,,high,Mudar Todas as Senhas SSH em um Cluster Nutanix — KB-[PHONE_MASKED] | KBs Internos | Nutanix |  | Autor: Beatriz Gadelha | ID: [PHONE_MASKED] | Título: Mudar Todas as Senhas SSH em um Cluster Nutanix — KB-[PHONE_MASKED] | Tipo: Permanent | Status: Published | Data de criação: 2025-07-25 12:27:43 | Categoria: KBs Internos | Pasta: Nutanix | Data modificada: 2026-04-29 10:13:24 | Criado a partir do problema: FALSE | Criado por Freddy: Beatriz Gadelha | Last Updated: 2026-04-29 10:13:24,true
chunk-00016,kb-0016,Base_de_conhecimento_exportada__Sheet1.csv,kb_article,Criação do Cluster NKP no Nutanix — Passo a passo com explicações — KB-[PHONE_MASKED],KBs Internos,Nutanix,NKP,high,Criação do Cluster NKP no Nutanix — Passo a passo com explicações — KB-[PHONE_MASKED] | KBs Internos | Nutanix | NKP | Autor: Beatriz Gadelha | ID: [PHONE_MASKED] | Título: Criação do Cluster NKP no Nutanix — Passo a passo com explicações — KB-[PHONE_MASKED] | Tipo: Permanent | Status: Published | Data de criação: 2025-08-07 10:43:04 | Categoria: KBs Internos | Pasta: Nutanix | Data modificada: 2026-04-29 10:08:10 | Criado a partir do problema: FALSE | Criado por Freddy: Beatriz Gadelha | Last Updated: 2026-04-29 10:08:10,true
chunk-00017,kb-0017,Base_de_conhecimento_exportada__Sheet1.csv,kb_article,Troubleshoot de Falhas Intermitentes na API e Erro 'Certificate has Expired' no NKP — KB-[PHONE_MASKED],KBs Internos,Nutanix,NKP,medium,Troubleshoot de Falhas Intermitentes na API e Erro 'Certificate has Expired' no NKP — KB-[PHONE_MASKED] | KBs Internos | Nutanix | NKP | Autor: Beatriz Gadelha | ID: [PHONE_MASKED] | Título: Troubleshoot de Falhas Intermitentes na API e Erro 'Certificate has Expired' no NKP — KB-[PHONE_MASKED] | Tipo: Permanent | Status: Draft | Data de criação: 2026-05-14 11:48:45 | Categoria: KBs Internos | Pasta: Nutanix | Data modificada: 2026-05-21 18:19:55 | Criado a partir do problema: FALSE | Last Updated: 2026-05-21 18:19:55,true
chunk-00018,kb-0018,Base_de_conhecimento_exportada__Sheet1.csv,kb_article,Renovação e Atualização de Certificados do Control Plane no NKP — KB-[PHONE_MASKED],KBs Internos,Nutanix,NKP,low,Renovação e Atualização de Certificados do Control Plane no NKP — KB-[PHONE_MASKED] | KBs Internos | Nutanix | NKP | Autor: Beatriz Gadelha | ID: [PHONE_MASKED] | Título: Renovação e Atualização de Certificados do Control Plane no NKP — KB-[PHONE_MASKED] | Tipo: Permanent | Status: Published | Data de criação: 2026-05-14 12:05:36 | Categoria: KBs Internos | Pasta: Nutanix | Data modificada: 2026-05-14 12:21:25 | Criado a partir do problema: FALSE | Last Updated: 2026-05-14 12:21:25,true
chunk-00019,kb-0019,Base_de_conhecimento_exportada__Sheet1.csv,kb_article,Tasks Travadas (Stuck Tasks) no Nutanix — KB-[PHONE_MASKED],KBs Internos,Nutanix,,low,Tasks Travadas (Stuck Tasks) no Nutanix — KB-[PHONE_MASKED] | KBs Internos | Nutanix |  | Autor: Beatriz Gadelha | ID: [PHONE_MASKED] | Título: Tasks Travadas (Stuck Tasks) no Nutanix — KB-[PHONE_MASKED] | Tipo: Permanent | Status: Published | Data de criação: 2026-05-19 15:12:29 | Categoria: KBs Internos | Pasta: Nutanix | Data modificada: 2026-05-19 15:31:03 | Criado a partir do problema: FALSE | Criado por Freddy: Beatriz Gadelha | Last Updated: 2026-05-19 15:31:03,true
chunk-00020,kb-0020,Base_de_conhecimento_exportada__Sheet1.csv,kb_article,Tasks Travadas (Stuck Tasks) no Nutanix — KB-[PHONE_MASKED],KBs Internos,Nutanix,,low,Tasks Travadas (Stuck Tasks) no Nutanix — KB-[PHONE_MASKED] | KBs Internos | Nutanix |  | Autor: Beatriz Gadelha | ID: [PHONE_MASKED] | Título: Tasks Travadas (Stuck Tasks) no Nutanix — KB-[PHONE_MASKED] | Tipo: Permanent | Status: Published | Data de criação: 2026-05-19 15:12:29 | Categoria: KBs Internos | Pasta: Nutanix | Data modificada: 2026-05-19 15:31:03 | Criado a partir do problema: FALSE | Criado por Freddy: Kaike Maciel | Last Updated: 2026-05-19 15:31:03,true
chunk-00021,kb-0021,Base_de_conhecimento_exportada__Sheet1.csv,kb_article,Desregistro (Unregister) de Cluster e Prism Central: Fluxos Padrão e Forçado — KB-[PHONE_MASKED],KBs Internos,Nutanix,Prism,high,Desregistro (Unregister) de Cluster e Prism Central: Fluxos Padrão e Forçado — KB-[PHONE_MASKED] | KBs Internos | Nutanix | Prism | Autor: Beatriz Gadelha | ID: [PHONE_MASKED] | Título: Desregistro (Unregister) de Cluster e Prism Central: Fluxos Padrão e Forçado — KB-[PHONE_MASKED] | Tipo: Permanent | Status: Published | Data de criação: 2026-05-20 17:34:45 | Categoria: KBs Internos | Pasta: Nutanix | Data modificada: 2026-05-21 17:09:46 | Criado a partir do problema: FALSE | Status da Aprovação: Approved | Criado por Freddy: Beatriz Gadelha | Last Updated: 2026-05-21 17:09:46,true
chunk-00022,kb-0022,Base_de_conhecimento_exportada__Sheet1.csv,kb_article,Desregistro (Unregister) de Cluster e Prism Central: Fluxos Padrão e Forçado — KB-[PHONE_MASKED],KBs Internos,Nutanix,Prism,high,Desregistro (Unregister) de Cluster e Prism Central: Fluxos Padrão e Forçado — KB-[PHONE_MASKED] | KBs Internos | Nutanix | Prism | Autor: Beatriz Gadelha | ID: [PHONE_MASKED] | Título: Desregistro (Unregister) de Cluster e Prism Central: Fluxos Padrão e Forçado — KB-[PHONE_MASKED] | Tipo: Permanent | Status: Published | Data de criação: 2026-05-20 17:34:45 | Categoria: KBs Internos | Pasta: Nutanix | Data modificada: 2026-05-21 17:09:46 | Criado a partir do problema: FALSE | Status da Aprovação: Approved | Criado por Freddy: Ana Paula Costa | Last Updated: 2026-05-21 17:09:46,true
chunk-00023,kb-0023,Base_de_conhecimento_exportada__Sheet1.csv,kb_article,Desregistro (Unregister) de Cluster e Prism Central: Fluxos Padrão e Forçado — KB-[PHONE_MASKED],KBs Internos,Nutanix,Prism,high,Desregistro (Unregister) de Cluster e Prism Central: Fluxos Padrão e Forçado — KB-[PHONE_MASKED] | KBs Internos | Nutanix | Prism | Autor: Beatriz Gadelha | ID: [PHONE_MASKED] | Título: Desregistro (Unregister) de Cluster e Prism Central: Fluxos Padrão e Forçado — KB-[PHONE_MASKED] | Tipo: Permanent | Status: Published | Data de criação: 2026-05-20 17:34:45 | Categoria: KBs Internos | Pasta: Nutanix | Data modificada: 2026-05-21 17:09:46 | Criado a partir do problema: FALSE | Status da Aprovação: Approved | Criado por Freddy: Kaike Maciel | Last Updated: 2026-05-21 17:09:46,true
chunk-00024,kb-0024,Base_de_conhecimento_exportada__Sheet1.csv,kb_article,Remover Cluster da Blacklist para Registro no Prism Central - KB-[PHONE_MASKED],KBs Internos,Nutanix,Prism,high,Remover Cluster da Blacklist para Registro no Prism Central - KB-[PHONE_MASKED] | KBs Internos | Nutanix | Prism | Autor: Beatriz Gadelha | ID: [PHONE_MASKED] | Título: Remover Cluster da Blacklist para Registro no Prism Central - KB-[PHONE_MASKED] | Tipo: Permanent | Status: Published | Data de criação: 2026-05-26 17:20:15 | Categoria: KBs Internos | Pasta: Nutanix | Data modificada: 2026-05-26 17:23:09 | Criado a partir do problema: FALSE | Status da Aprovação: Approved | Criado por Freddy: Beatriz Gadelha | Last Updated: 2026-05-26 17:23:09,true
chunk-00025,kb-0025,Base_de_conhecimento_exportada__Sheet1.csv,kb_article,"""Procedimento de Recuperação Completa de Nó: [HOST_MASKED]",2026-05-26 17:45:04,Nutanix,CVM,low,"""Procedimento de Recuperação Completa de Nó: [HOST_MASKED] | 2026-05-26 17:45:04 | Nutanix | CVM | Autor: Beatriz Gadelha | ID: [PHONE_MASKED] | Título: ""Procedimento de Recuperação Completa de Nó: [HOST_MASKED] | Tipo: CVM Ring e Metadata Store"" | Status: Permanent | Data de criação: Draft | Categoria: 2026-05-26 17:45:04 | Pasta: KBs Internos | Data modificada: Nutanix | Data de revisão: 2026-05-26 17:45:04 | Viewed by Name: FALSE | None: ['2026-05-26 17:45:04']",true
chunk-00026,kb-0026,Base_de_conhecimento_exportada__Sheet1.csv,kb_article,Troubleshooting Prometheus Pod CrashLoop on PC 2024.x (CMSP WAL Corruption) - KB-[PHONE_MASKED],KBs Internos,Nutanix,,high,Troubleshooting Prometheus Pod CrashLoop on PC 2024.x (CMSP WAL Corruption) - KB-[PHONE_MASKED] | KBs Internos | Nutanix |  | Autor: Beatriz Gadelha | ID: [PHONE_MASKED] | Título: Troubleshooting Prometheus Pod CrashLoop on PC 2024.x (CMSP WAL Corruption) - KB-[PHONE_MASKED] | Tipo: Permanent | Status: Published | Data de criação: 2026-06-01 12:07:04 | Categoria: KBs Internos | Pasta: Nutanix | Data modificada: 2026-06-01 12:07:52 | Criado a partir do problema: FALSE | Status da Aprovação: Approved | Last Updated: 2026-06-01 12:07:52,true
chunk-00027,kb-0027,Base_de_conhecimento_exportada__Sheet1.csv,kb_article,Resolving 'Unhealthy' ClusterWorkflow Status Post-Service Recovery via mspctl — KB-[PHONE_MASKED],KBs Internos,Nutanix,,high,Resolving 'Unhealthy' ClusterWorkflow Status Post-Service Recovery via mspctl — KB-[PHONE_MASKED] | KBs Internos | Nutanix |  | Autor: Beatriz Gadelha | ID: [PHONE_MASKED] | Título: Resolving 'Unhealthy' ClusterWorkflow Status Post-Service Recovery via mspctl — KB-[PHONE_MASKED] | Tipo: Permanent | Status: Published | Data de criação: 2026-06-01 12:12:01 | Categoria: KBs Internos | Pasta: Nutanix | Data modificada: 2026-06-01 12:12:41 | Criado a partir do problema: FALSE | Status da Aprovação: Approved | Last Updated: 2026-06-01 12:12:41,true
chunk-00028,kb-0028,Base_de_conhecimento_exportada__Sheet1.csv,kb_article,Restabelecimento do Módulo de Infraestrutura (pc.[IP_MASKED]) - KB-[PHONE_MASKED],KBs Internos,Nutanix,,low,Restabelecimento do Módulo de Infraestrutura (pc.[IP_MASKED]) - KB-[PHONE_MASKED] | KBs Internos | Nutanix |  | Autor: Beatriz Gadelha | ID: [PHONE_MASKED] | Título: Restabelecimento do Módulo de Infraestrutura (pc.[IP_MASKED]) - KB-[PHONE_MASKED] | Tipo: Permanent | Status: Published | Data de criação: 2026-06-15 09:42:50 | Categoria: KBs Internos | Pasta: Nutanix | Data modificada: 2026-06-15 09:43:43 | Criado a partir do problema: FALSE | Status da Aprovação: Approved | Ticket associado ID: [TICKET_ID_MASKED] | Criado por Freddy: Beatriz Gadelha | Last Updated: 2026-06-15 09:43:43,true
chunk-00029,ticket-0001,Massa_de_dados_exportada_Maio__Abertos.csv,ticket_history,[CMM] Acesso Semanal,Nutanix,Nutanix,LCM,low,[CMM] Acesso Semanal | Check semanal ambiente CMM. |  | Nutanix | LCM (Lifecycle Manager),true
chunk-00030,ticket-0002,Massa_de_dados_exportada_Maio__Abertos.csv,ticket_history,[CLEARIT] Bloquieo de rede - AGENT SENTINEL,Sentinel One,,,low,[CLEARIT] Bloquieo de rede - AGENT SENTINEL | Bloqueio de rede pelo agent após intalação de programa não homologado. | Foi constatado que o bloqueio se trata de uma atividade não maliciosa. Foi dado como Falso positivo e não maligno. | Sentinel One | Agent (Clients),true
chunk-00031,ticket-0003,Massa_de_dados_exportada_Maio__Abertos.csv,ticket_history,[CLEARIT] teste KB,Outros,,,low,[CLEARIT] teste KB | TESTES | teste | Outros | Outros,true
chunk-00032,ticket-0004,Massa_de_dados_exportada_Maio__Abertos.csv,ticket_history,[CLEARIT] Novo teste snapshot orphan,Outros,,,low,[CLEARIT] Novo teste snapshot orphan | testes | testes | Outros | Outros,true
chunk-00033,ticket-0005,Massa_de_dados_exportada_Maio__Abertos.csv,ticket_history,[CLEARIT] teste snapshot orphan,Outros,,,low,[CLEARIT] teste snapshot orphan | teste | teste | Outros | Outros,true
chunk-00034,ticket-0006,Massa_de_dados_exportada_Maio__Abertos.csv,ticket_history,[CLEARIT] Adição de Login via Entra ID no Prism Central Lab,Nutanix,Nutanix,Prism,low,[CLEARIT] Adição de Login via Entra ID no Prism Central Lab | Boa tarde Bruno. Solicito a configuração de login via entra id em nosso lab Nutanix no intuito de realizar automações de nuvem Nutanix junto ao lab. Att. | Realizada a configuração e o login via SAML funcionou corretamente. | Nutanix | Prism (Management),true
chunk-00035,ticket-0007,Massa_de_dados_exportada_Maio__Abertos.csv,ticket_history,[CLEARIT] Criação de grupo de email,Outros,,,low,"[CLEARIT] Criação de grupo de email | Ola, boa tarde. Gostaria de solicitar a criação do grupo de email [EMAIL_MASKED] e incluir ""Samuel dos Santos de Lima Moreira"" <[EMAIL_MASKED]> e eu. Obrigada! | Grupo criado de acordo com a solicitação. | Outros | Outros",true
chunk-00036,ticket-0008,Massa_de_dados_exportada_Maio__Abertos.csv,ticket_history,[PMPV] Problemas no NKP,Nutanix,Nutanix,AOS,high,"[PMPV] Problemas no NKP | Prezados, boa tarde! Gostaríamos de um apoio no NKP referente ao nosso cluster, aparentemente estamos com problemas no armazenamento de arquivos. Por favor se puderem entrar em contato com o Analista Hugo tel : 69: [PHONE_MASKED]. | Sintoma Relatado:Indisponibilidade da interface do Kommander/NKP, apresentando a mensagem de erro ""certificate has expired"". O painel exibia status de erro na comunicação e métricas de CPU e Memória como ""N/A"" para o cluster. Falhas intermitentes na execução de comandos via kubectl. Causa Raiz:Os certificados internos do Kubernetes (gerenciados pelo kubeadm, incluindo apiserver e etcd) haviam expirado no nó do Control Plane (nkp-pmpv-k27v7-lwzsq). Como o tráfego do Control Plane é balanceado por um IP VIP, a indisponibilidade ocorria de forma intermitente quando as requisições eram direcionadas para o nó com o certificado inválido. A expiração ocorreu pois o cluster estava operando há mais de um ano sem renovação automática (comportamento padrão em versões anteriores ao NKP 2.16). Ações Realizadas: Verificação inicial dos certificados de frontend (Traefik/Ingress) e pods do cert-manager via kubectl, que se encontravam saudáveis. Como o acesso SSH direto não estava disponível inicialmente, o diagnóstico foi feito utilizando pods efêmeros (kubectl debug node com chroot /host), confirmando a expiração interna via comando kubeadm certs check-expiration. Após obtenção do acesso SSH aos nós do Control Plane, foi executado o procedimento oficial da Nutanix (KB-19301) para renovação dos certificados (sudo kubeadm certs renew all). Removida e recriada a annotation machine.cluster.x-k8s.io/certificates-expiry no objeto kubeadmconfig a partir do Management Cluster para que o Cluster API (CAPI) reconhecesse as novas datas de validade (2027). Validação e Resultados: A interface UI do Kommander voltou a operar normalmente (Status: Active). Comunicação com o API Server do Kubernetes 100% restabelecida e sem erros de TLS. Data de expiração dos certificados dos nós confirmada para o ano de 2027. Recomendação:Para evitar reincidência anual, recomenda-se o planejamento da atualização do cluster para a versão NKP 2.16 (ou superior), na qual a renovação de certificados do Control Plane passa a ser tratada de forma automática pelo Cluster API. | Nutanix | AOS",true
chunk-00037,ticket-0009,Massa_de_dados_exportada_Maio__Abertos.csv,ticket_history,[CMM] Atacks ao email e ao firewall,Fortinet,,,high,"[CMM] Atacks ao email e ao firewall | Estamos sofrendo atacks desde as 8h da manhã. Entramos em contato com Guilherme e, até o momento, não tivemos resposta, sobre o que fazer, mas recebeu a informação! | Olá Joney, Acessamos o ambiente e tratamos do caso com Local-in-Policy e regras de Deny WAN to LAN O acesso ao servidor Windows foi constatado como ataque interno, uma vez que o trafego nao passou em momento algum pelo firewall. Hoje trataremos em um outro chamado das regras de seu ambiente para reavaliar medidas de segurança e talvez isolar estes servers em outra sub-rede Atenciosamente, | Fortinet | Fortigate",true
chunk-00038,ticket-0010,Massa_de_dados_exportada_Maio__Abertos.csv,ticket_history,[MPPA] Perda de Volume VMware,Nutanix,Nutanix,AOS,high,"[MPPA] Perda de Volume VMware | Segue relato de inacessibilidade de um volume no Vcenter utilizado pela nossa infraestrutura Openshift. Problema identificado após a queda do cluster em 24/04/2026. Prezado Anderson, Em atenção ao caso aberto junto a Red Hat, solicito a abertura de chamado para análise do volume abaixo no ambiente VMware, com o objetivo de verificar sua existência e identificar possíveis inconsistências registradas no event log do vCenter. Detalhes do volume: PVC: pvc-88605aee-deb2-4c36-b02b-9a13e181011f CNS Volume ID: 34a75a1e-[PHONE_MASKED]-ade3-1605f711a1b6 Informações do ambiente: Virtual Machine: vm-4255 vCenter: s1vcenter8.mp.pa.gov.br UUID: 423477d3-185c-9cd9-da4b-be9819f73921 Datacenter: datacenter-3 Erro identificado: The resource 'volume' is in use. opId: 804c51ae Solicitação: Verificar se o volume CNS ainda existe no ambiente; Analisar os eventos no vCenter relacionados ao volume informado; Identificar a causa do erro de ""volume em uso""; Fico à disposição para fornecer informações adicionais, caso necessário. Atenciosamente, De: Red Hat Support <[EMAIL_MASKED]> Enviado: terça-feira, 5 de maio de 2026 15:15 Para: MATHEUS DE FIGUEIREDO SOARES RAPOSO <[EMAIL_MASKED]>; EDNELSON SILVA DE SOUSA <[EMAIL_MASKED]>; JEFFERSON LUIZ DO NASCIMENTO RIBEIRO <[EMAIL_MASKED]>; MOISES SOARES VIEIRA <[EMAIL_MASKED]>; HELDER DIEGO DE SOUZA MIRANDA <[EMAIL_MASKED]>; ANDERSON SANTOS DE SOUZA <[EMAIL_MASKED]> Assunto: (WoRH) (SEV 2) Caso #[PHONE_MASKED] (The noobaa-operator pod is in CrashLoopBackOff with 5+ restarts) ref:_00DA0HxWH._500Hn1sLP8C:ref --------------------------------------- | Informações sobre o Caso | --------------------------------------- [URL_MASKED]] Título do Caso : The noobaa-operator pod is in CrashLoopBackOff with 5+ restarts Número do Caso : [PHONE_MASKED] Data de Abertura do Caso : 2026-05-04 11:39:18 Gravidade : 2 (High) Tipo de Problema : Other Produto : OpenShift Container Platform Versão do produto : 4.18 --------------------------------------- Os anexos a seguir foram recentemente adicionados a este caso: inspect.local.[PHONE_MASKED][PHONE_MASKED].zip must-gather.zip must-gather.zip must-gather-noobaa-prd.zip --------------------------------------- Para garantir a melhor experiência de suporte possível, por favor observe o seguinte: * Ao responder a este email, os seus comentários provavelmente serão adicionados ao caso. No entanto, sugerimos que os comentários sejam adicionados diretamente ao Portal do Consumidor, no caso de falhas de email. * Ao responder a este email, não mude o assunto. * Certifique-se de responder aos emails do caso com o endereço de email listado como seu contato para o caso. * Os anexos não podem ser adicionados aos casos via email. Eles devem ser inseridos no caso diretamente. --------------------------------------- Supporting success. Exceeding expectations. Suporte Red Hat na Mídia Social: [URL_MASKED] Discussões do Portal do Consumidor Red Hat: [URL_MASKED] Red Hat Access Labs: [URL_MASKED] Caso você precise de assistência imediata, por favor acesse [URL_MASKED] --------------------------------------- ref:_00DA0HxWH._500Hn1sLP8C:ref |  | Nutanix | AOS",true
chunk-00039,ticket-0011,Massa_de_dados_exportada_Maio__Abertos.csv,ticket_history,[SEFAZ-MT] Backup parado por falta de espaço no exagrid,Commvault,,Storage,high,"[SEFAZ-MT] Backup parado por falta de espaço no exagrid | ontem fizemos alterações nos jopbs de backup do commvault, retirei a deduplicação e a compressão dos jobs e deixei que o exagrid fizess pois a deduplicação no exagrid estava em 1.7:1 apos essa alteração foi para 2.28:1 mas o crescimento da base foi rapido e a previsão de ficar cheia era para setembro de 2026 acabou sendo ontem. | Foi identificada falha na execução dos backups para o appliance ExaGrid AVTA[PHONE_MASKED] devido à indisponibilidade de espaço em disco. Acionado suporte do fabricante ExaGrid para análise do cenário. Conforme orientação do engenheiro Leandro Morales (ExaGrid), foi realizada a parada temporária do envio de todos os backups ao appliance, a fim de permitir o processamento do serviço de desduplicação e consequente liberação de espaço. Adicionalmente, foi efetuado o ajuste temporário do RTL (Retention Time Limit) dos shares para 1 dia, visando liberar dados em estado Pending Purge. Foi esclarecido pelo fabricante que a variação da taxa de deduplicação observada é um comportamento esperado durante períodos de alta movimentação ou exclusão de dados, devendo se normalizar após a conclusão do processamento do backlog. O equipamento seguiu processando o backlog de desduplicação e liberando espaço gradualmente, estando sob monitoramento contínuo do suporte ExaGrid. A recomendação era manter os backups pausados até a estabilização do ambiente, com nova validação prevista após a evolução do processamento. Em 07/05 validamos com o cliente que foram liberados 30TB de espaço no appliance, sendo possível retomar a rotina de backups do ambiente da SEFAZ-MT. | Commvault | Repositório",true
chunk-00040,ticket-0012,Massa_de_dados_exportada_Maio__Abertos.csv,ticket_history,[CLEARIT] Criação de e-mail,Outros,,,low,"[CLEARIT] Criação de e-mail | Bom dia! Poderia criar um e-mail para o Compliance, com o endereço: compliace@clearit e incluir a Dr. Michele e Dr. Livia. [EMAIL_MASKED]; [EMAIL_MASKED] | Grupo criado e realizado uma regra de redirecionamento no exchange para enviar os emails da caixa para as duas pessoas informadas na descrição. | Outros | Outros",true
chunk-00041,ticket-0013,Massa_de_dados_exportada_Maio__Abertos.csv,ticket_history,[SETIC-RO] Erro na execução de BKP Commvault,Commvault,Nutanix,Prism,high,"[SETIC-RO] Erro na execução de BKP Commvault | Erro na execução de politicas de BKP, ferramenta Commvault | Problema Relatado: Falhas recorrentes e totais nos jobs de backup VSA (Commvault) das VMs hospedadas no cluster Nutanix DETIC, iniciadas em 07/02/2026. Causa Raiz: Corrupção lógica e estrutural no banco de dados interno do Nutanix (Zookeeper). O serviço Cerebro (responsável pelo gerenciamento de snapshots) encontra-se em crash loop infinito devido a um paradoxo de configuração: um ""Remote Site"" fantasma registrado no banco aponta para o próprio Cluster ID local (111065). Sem o serviço Cerebro ativo, a API de gerenciamento de disco do hipervisor fica inoperante, impedindo o Commvault de executar os snapshots. Ações Realizadas (Troubleshooting): Análise dos logs .FATAL nas CVMs, confirmando a assinatura do erro (Check failed: remote_site Remote site does not exist with cluster id 111065). Inspeção da base de dados via zeus_config_printer, confirmando a configuração circular. Tentativas de deleção da entidade corrompida via ncli e Prism Gateway REST API. Operações bloqueadas (HTTP 500) pela ausência do serviço Cerebro para validar a transação. Reset controlado do serviço (genesis stop cerebro), porém o erro retorna imediatamente na inicialização. Alinhamento: O equipamento (Nós G5) encontra-se em End of Life (EOL), com licenciamento expirado (standby mode) e sem contrato de suporte ativo junto à fabricante Nutanix. Como acordado com o cliente (Jean Franco), a atualização do ambiente (AOS) é indicada como última tentativa de estabilização do software. Contudo, foi formalmente ressaltado e aceito que o risco de não retorno do ambiente durante essa atualização deve ser assumido pelo cliente, dados os agravantes estruturais: hardware EOL sem respaldo do fabricante, múltiplos indicadores de degradação física/lógica e ausência de suporte para acionamento em caso de falha crítica. | Commvault | CommCell Console",true
chunk-00042,ticket-0014,Massa_de_dados_exportada_Maio__Abertos.csv,ticket_history,[CBMAC] Share Permissions (SMB) e Backup,Nutanix,Nutanix,,low,"[CBMAC] Share Permissions (SMB) e Backup | Bom Dia, mesmo eu colocando o usuário somente com permissão de leitura ele consegue add e excluir dentro da pasta compartilhada. E preciso de uma ajuda para configurar Backup/Snapshots no file server. |  | Nutanix | Services (Files/Objects)",true
chunk-00043,ticket-0015,Massa_de_dados_exportada_Maio__Abertos.csv,ticket_history,[PRODAM] DIMM CECC error,Nutanix,Nutanix,,high,"[PRODAM] DIMM CECC error | Boa tarde, solicito apoio técnico para verificação do alerta em host NX-8170-G9 (24SH5R240435). 1 DIMM RAS event found for P1-DIMMD2(Serial:80CE[PHONE_MASKED]0E9) by Samsung on host [IP_MASKED] in last 24 hours. Installed BIOS version is EH31.001 | Seguindo a documentação oficial da Nutanix ([URL_MASKED]), colocamos o Node que apresentou o erro em modo manutenção, monitorando a resiliencia do Cluster e o migration de VMs. Após o Node entrar em modo manutenção, realizamos o acesso via SSH com o usuário root no host, e realizamos o reboot do mesmo através do comando: Reboot -h now Durante a inicialização do Node, foi apresentado a mensagem “Post Package Repair Success P1 = DIMMC1”, que indica que o problema foi corrigido após a reinicialização. Após o Node estar 100% operante, verificamos que de fato a correção foi realizada com sucesso. Confirmado que o problema foi sanado, removemos o Node do modo manutenção e acordamos que o chamado seria encerrado, e o Node ficaria em observação pelo cliente. | Nutanix | Hardware",true
chunk-00044,ticket-0016,Massa_de_dados_exportada_Maio__Abertos.csv,ticket_history,[CLEARIT] Acesso ao Share Clientes,Outros,,,low,"[CLEARIT] Acesso ao Share Clientes | Olá, gostaria de solicitar acesso ao SharePoint Comercial para o Samuel Moreira | acesso liberado a pasta clientes | Outros | Outros",true
chunk-00045,ticket-0017,Massa_de_dados_exportada_Maio__Abertos.csv,ticket_history,[PMM] Host ficou preso no processo de remoção do cluster,Nutanix,Nutanix,Prism,high,"[PMM] Host ficou preso no processo de remoção do cluster | Ao executar o processo de remoção de um host do cluster Infra, o mesmo iniciou o procedimento de remoção, limpou todos os discos, mas não removeu o host, deixando o processo pendente e o host com o status de ""Being Removed"" | Situação identificada · Host [IP_MASKED]: remoção lógica concluída; permanece “travado” na interface (GUI) do Prism. · Host [IP_MASKED]: remoção em fase final, com tarefa em 94%. Encaminhamento acordado · Aguardamos a finalização da remoção do host [IP_MASKED] para prosseguir com a tratativa. · Nova sessão planejada para 08/05, entre 10:00 e 10:30 (horário de Manaus), mediante disponibilidade do cliente. Ações realizadas e evidências · Identificado espaço de HA reservado em estado crítico. Após remover a reserva de HA e executar novamente o comando de remoção, o processo iniciou, porém finalizou com erro. · Efetuadas novas tentativas de remoção dos nós selecionados via Prism Element e via linha de comando, sem sucesso. · Como último recurso, foi realizado o desligamento físico de um dos nós para forçar a remoção. Mesmo após aguardar ~12 horas, o host permaneceu “travado” na GUI, ocasionando novos problemas de comunicação com a interface e falhas nos backups. Conclusão / Resolução Devido à ausência de licenciamento para acionamento do suporte do fabricante, foi acordado com o cliente a descontinuidade (“destruição”) do cluster atual e a criação de um novo cluster para acomodação das VMs. Como a atividade exige planejamento prévio (criação do novo cluster e migração das VMs), foi acordado o encerramento deste chamado, com continuidade das tratativas em novos tickets para apoio à migração das VMs e à implantação do novo cluster. | Nutanix | AHV",true
chunk-00046,ticket-0018,Massa_de_dados_exportada_Maio__Abertos.csv,ticket_history,[CLEARIT] Bloqueio de acesso Ana Paula Aires,Outros,,,high,"[CLEARIT] Bloqueio de acesso Ana Paula Aires | Gentileza, bloquear todos os acessos da Ana Paula Aires, ela não faz mais parte do time. | Usuário bloqueado com sucesso. | Outros | Outros",true
chunk-00047,ticket-0019,Massa_de_dados_exportada_Maio__Abertos.csv,ticket_history,"SR:Nutanix Disaster Recovery - Criação de, alterar, validar e excluir técnicas e relações de replicação de máquina virtual/área de armazenamento",Nutanix,Nutanix,Prism,low,"SR:Nutanix Disaster Recovery - Criação de, alterar, validar e excluir técnicas e relações de replicação de máquina virtual/área de armazenamento |  |  | Nutanix | Prism (Management)",true
chunk-00048,ticket-0020,Massa_de_dados_exportada_Maio__Abertos.csv,ticket_history,[CLEARIT] Health Check Office SP,Outros,,,low,[CLEARIT] Health Check Office SP | Health Check Office SP |  | Outros | Outros,true
chunk-00049,ticket-0021,Massa_de_dados_exportada_Maio__Abertos.csv,ticket_history,[CLEARIT] Health Check Sistemas ClearIT,Outros,,,low,[CLEARIT] Health Check Sistemas ClearIT | [ClearIT] Health Check Sistemas ClearIT |  | Outros | Outros,true
chunk-00050,ticket-0022,Massa_de_dados_exportada_Maio__Abertos.csv,ticket_history,[CLEARIT] Acesso a pasta de eventos,Outros,,,low,"[CLEARIT] Acesso a pasta de eventos | Olá Pessoal, Estou conseguindo acessar somente uma pasta especifica da área de eventos, gostaria de saber se vocês conseguem liberar o acesso pra mim dessas pastas aqui abaixo: Não estou conseguindo vizualizar essas. Desde já agradeço. Atenciosamente. | Acesso concedido na pasta solicitada. | Outros | Outros",true
chunk-00051,ticket-0023,Massa_de_dados_exportada_Maio__Abertos.csv,ticket_history,[SDTI-AC] Conexao de redes,Fortinet,,,low,"[SDTI-AC] Conexao de redes | Prezados, boa tarde. Tudo bem? Alinhei ontem, durante call em outro ticket, com o Guilherme, um atendimento para amanha -se possivel- ou segunda-feira para tratarmos de uma conexao entre redes da PMRB com a PF. Endereço de rede da ONU instalada na Polícia Federal: [IP_MASKED] / 24 VLAN de Serviço: 2646 - OLT BARRAL ONU Instalada: FHTTFE26785C - MAC: 98E55B73C108 Faixa das câmeras da PMRB: [IP_MASKED]/16 | Durante a call na segunda-feira tratamos da estrutura do SDTI e do uso do fortigate como centralizador das rotas OSPF do município. Fiz os devidos apontamentos sobre a tecnologia e estrutura do firewall que não devem ser utilizados para esta demanda e como gateway da rede PMRB ao mesmo tempo. Neste caso seria necessário utilizar um outro roteador ou manter as redes publicadas nos Switches, como está hoje. Entendemos que a demanda pode se tornar complexa e mesmo que os equipamentos envolvidos na resolução do problema das rotas não seja de gerência da ClearIT, que podemos atuar como consultados nesta demanda para agilizar e apoiar no processo. Ficou alinhado que não fariamos nenhuma alteração no ambiente por agora e que a equipe PMRB fará contato com a PF para validar a possibilidade de um ponto a ponto. Assim que tivermos uma resposta da PF poderemos tomar uma decisão e uma rota para resolução deste caso. Por agora, tratarei o ticket como encerrado para manter o histórico das solicitações limpo e organizado. | Fortinet | Fortigate",true
chunk-00052,ticket-0024,Massa_de_dados_exportada_Maio__Abertos.csv,ticket_history,[SEAD-AC] Reset de senhas do Nutanix,Nutanix,Nutanix,Prism,block,"[SEAD-AC] Reset de senhas do Nutanix | Bom dia, Solicitamos, por gentileza, o reset das seguintes credenciais do ambiente Nutanix: Senha do usuário admin do Prism Credenciais do usuário nutanix via SSH nas CVMs Senha de acesso SSH dos hosts/hypervisores Ficamos no aguardo. | Realizado procedimento descrito na documentação oficial Nutanix (KB-1895), para acesso a CVM sem a necessidade da senha. Após este processo, foi realizado a troca das senhas através de linha de comando utilizando o comando ""sudo [SECRET_BLOCKED]"" e ""user reset-[SECRET_BLOCKED] password=*********"". Para troca das senhas do usuário nutanix e admin do Prism Central, foi necessário realizar a abertura de um chamado junto a nutanix, para que fosse realizada a quebra da senha e a configuração de nova senha. Toda as senhas definidas durante este ticket se encontram em posse do cliente. | Nutanix | Prism (Management)",false
chunk-00053,ticket-0025,Massa_de_dados_exportada_Maio__Abertos.csv,ticket_history,[CMM] Reorganização Regras de Firewall,Fortinet,,,low,"[CMM] Reorganização Regras de Firewall | Durante um contato esta manhã tratamos com a equipe CMM da necessidade de reavaliar todas as regras de firewall do ambiente CMM para remover duplicatas, regras abertas e regras muito fechadas se for o caso. |  | Fortinet | Fortigate",true
chunk-00054,ticket-0026,Massa_de_dados_exportada_Maio__Abertos.csv,ticket_history,[CLEARIT] Acesso ao CRM (Odoo),Odoo,,,low,"[CLEARIT] Acesso ao CRM (Odoo) | Olá, boa tarde! Estou com um probleminha no Odoo, a Andrea está colocando as oportunidades dos clientes na Diretoria Sul, mas algumas oportunidades não estão aparecendo pra mim, como por exemplo, essa imagem que anexei aqui. E também, por gentileza, se puderem inserir a minha assinatura no Odoo. Obrigada! | Foi selecionados os filtros Clear SP e voltou a aparecer as oportunidades no Odoo. | Odoo | Software",true
chunk-00055,ticket-0027,Massa_de_dados_exportada_Maio__Abertos.csv,ticket_history,[CMM] Acesso Semanal,Nutanix,Nutanix,LCM,low,[CMM] Acesso Semanal | Check semanal ambiente CMM. |  | Nutanix | LCM (Lifecycle Manager),true
chunk-00056,ticket-0028,Massa_de_dados_exportada_Maio__Abertos.csv,ticket_history,[CLEARIT] telefone recepção,Outros,,,low,"[CLEARIT] telefone recepção | Olá , bom dia . telefone da recepção não esta funcionando na minha máquina | Ramal da Camila não estava incluso na fila do telefone da Clear. | Outros | Outros",true
chunk-00057,ticket-0029,Massa_de_dados_exportada_Maio__Abertos.csv,ticket_history,Não Consigo autenticar o nutanix pelo os browser,Nutanix,Nutanix,Prism,high,"Não Consigo autenticar o nutanix pelo os browser | bom dia. Não estamos conseguindo acessar o nutanix. segue abaixo o erro. Desde já, muito obrigado Att, Fabrício Paixão | Execução dos comandos allssh genesis restart cluster start | Nutanix | Prism (Management)",true
chunk-00058,ticket-0030,Massa_de_dados_exportada_Maio__Abertos.csv,ticket_history,[CLEARIT] Liberação de acesso para assinatura da plataforma de assinatura clicksign,Outros,,,low,"[CLEARIT] Liberação de acesso para assinatura da plataforma de assinatura clicksign | Boa tarde! Por gentileza libera meu acesso, para assinatura do portal clicksign | Solicitação aprovada. | Outros | Outros",true
chunk-00059,ticket-0031,Massa_de_dados_exportada_Maio__Abertos.csv,ticket_history,[CLEARIT] Horário no Teams,Outros,,,low,[CLEARIT] Horário no Teams | Boa tarde! Poderia me orientar como alterar o horário de trabalho no Teams. | Ajuste realizado no outlook e o horario atualizou. | Outros | Outros,true
chunk-00060,ticket-0032,Massa_de_dados_exportada_Maio__Abertos.csv,ticket_history,[CLEARIT] Acesso ao e-mail de Compliance,Outros,,,low,"[CLEARIT] Acesso ao e-mail de Compliance | A Dr Livia e a Dr Michelle do escritório Stoffel, responsáveis pelo Comitê de Compliance, estão solicitando acesso ao e-mail [EMAIL_MASKED], para poder enviar os e-mails quando necessário. Se puder ser analisado a possibilidade, a Dr Livia e a Dr Michele terão esse acesso e controle. | Usuario partner criado com sucesso para a Michele e Livia, confome solicitado. | Outros | Outros",true
chunk-00061,ticket-0033,Massa_de_dados_exportada_Maio__Abertos.csv,ticket_history,[CLEARIT] Atualização e-mail [EMAIL_MASKED],Outros,,,low,"[CLEARIT] Atualização e-mail [EMAIL_MASKED] | Após recentes mudanças na composição do Comitê de Compliance, faz-se necessária a atualização dos membros, que passam a ser os seguintes: Geisa Azevedo, Priscila Bacelar, Alexandre Guidorzi, André Queiroz e a Dr. Michele e se possível a Dr. Livia. Solicito, por gentileza, a atualização. | Membros atualizados conforme solicitado. | Outros | Outros",true
chunk-00062,ticket-0034,Massa_de_dados_exportada_Maio__Abertos.csv,ticket_history,[CLEAR] Onboarding - Luis Octavio Duarte Costa,,,,low,[CLEAR] Onboarding - Luis Octavio Duarte Costa |  | Onboarding realizado com sucesso..,true
chunk-00063,ticket-0035,Massa_de_dados_exportada_Maio__Abertos.csv,ticket_history,Licenciamento clusters Nutanix,Nutanix,Nutanix,Prism,high,Licenciamento clusters Nutanix | Solicito apoio para verificar o licenciamento de nossos clusters Nutanix. |  | Nutanix | Prism (Management),true
chunk-00064,ticket-0036,Massa_de_dados_exportada_Maio__Abertos.csv,ticket_history,[PREF - CARIACICA] Atualização Veeam Backup & Replication v12 (Build 12.3.1.1139),Veeam,Nutanix,AHV,high,"[PREF - CARIACICA] Atualização Veeam Backup & Replication v12 (Build 12.3.1.1139) | Gostaria de solicitar apoio técnico para a atualização do nosso ambiente de backup. Atualmente, operamos com o Veeam Backup & Replication v12 (Build 12.3.1.1139) e temos como objetivo a migração para a última versão estável disponível. O procedimento deve contemplar a atualização do console e dos proxies de duas unidades Nutanix. No entanto, devido às versões distintas dos nossos clusters, necessitamos de uma validação de compatibilidade antes de prosseguirmos: Unidade 01: Nutanix versão [IP_MASKED] Unidade 02: Nutanix versão 4.6.6 Nossa principal dúvida: Ao atualizarmos o console Veeam e seus respectivos proxies para a versão mais recente, existe o risco de perda de comunicação ou interrupção do suporte para a unidade Nutanix que opera na versão 4.6.6? Poderiam confirmar se a versão pretendida da Veeam mantém a retrocompatibilidade com essas builds do Nutanix AHV ou se seria recomendada a atualização prévia dos clusters? Fico no aguardo de orientações para agendarmos o procedimento com segurança. |  | Veeam | Console (Interface)",true
chunk-00065,ticket-0037,Massa_de_dados_exportada_Maio__Abertos.csv,ticket_history,[CLEARIT] Licença Microsoft Visio,Outros,,,low,"[CLEARIT] Licença Microsoft Visio | Bom dia, Solicito a disponibilização de uma licença do Microsoft Visio. Motivo: utilização da ferramenta para criação de topologias e diagramas técnicos nas documentações As Built dos projetos. | Licença atribuída com sucesso. | Outros | Outros",true
chunk-00066,ticket-0038,Massa_de_dados_exportada_Maio__Abertos.csv,ticket_history,[CLEARIT] Health Check Sistemas ClearIT,Outros,,,low,[CLEARIT] Health Check Sistemas ClearIT | [ClearIT] Health Check Sistemas ClearIT |  | Outros | Outros,true
chunk-00067,ticket-0039,Massa_de_dados_exportada_Maio__Abertos.csv,ticket_history,[CLEARIT] Health Check Office SP,Outros,,,low,[CLEARIT] Health Check Office SP | Health Check Office SP |  | Outros | Outros,true
chunk-00068,ticket-0040,Massa_de_dados_exportada_Maio__Abertos.csv,ticket_history,Verificar Backup veaam,Exagrid,,,low,Verificar Backup veaam | Bom dia Estamos com problema no backup veam. Att; Fabrício Paixão | Não foi possível realizar o atendimento devido a falta de cooperação do cliente. | Exagrid | Hardware,true
chunk-00069,ticket-0041,Massa_de_dados_exportada_Maio__Abertos.csv,ticket_history,[PMM] Configuração de hosts para habilitar para operação.,Nutanix,Nutanix,AHV,high,"[PMM] Configuração de hosts para habilitar para operação. | Boa tarde! Ano passado identificamos um cluster que foi utilizado para treinamento contendo 3 hosts, dois G9 modelo igual os do cluser PMM-DB, e um modelo G8. Destruímos o cluster para reaproveitamento desse ambiente, no entanto, nunca conseguimos concretizar esse uso devido à erros de conexão com o Virtual Switch. Gostaria de receber apoio para realizar a reconfiguração desses hosts para botá-los em operação. Segue a lista dos hosts em questão: Hosts que aparece no foundation NX-8170-G9 NTNX-24SH5R170415-A [IP_MASKED] [IP_MASKED] [IP_MASKED] HM244S005618 Hosts que não aparecem no foundation 24SH5R170414 NX-8170-G9 NTNX-24SH5R170414-A [IP_MASKED] [IP_MASKED] [IP_MASKED] HM244S005598 NX-8155-G8 NTNX-21SM5H510131-A NTNX-21SM5H510131-A [IP_MASKED] [IP_MASKED] [IP_MASKED] HM21AS009073 21SM5H510131 | Foi necessário fazer a remoção dos snapshots pela GUI manualmente. | Nutanix | AHV",true
chunk-00070,ticket-0042,Massa_de_dados_exportada_Maio__Abertos.csv,ticket_history,[SEFAZ-MT] Falha nos jobs de backupdas VMs do nutanix,Commvault,Nutanix,,high,[SEFAZ-MT] Falha nos jobs de backupdas VMs do nutanix | esta dando falha em todos os jobs do backup do cluster 03 e clutser 04 em anexo esta as telas da falha do job do cluster04 |  | Commvault | CommCell Console,true
chunk-00071,ticket-0043,Massa_de_dados_exportada_Maio__Abertos.csv,ticket_history,[CLEARIT] Mudança acesso Share,Sharepoint,,,low,"[CLEARIT] Mudança acesso Share | Boa tarde Bruno, Favor realizar as seguintes alterações: - Incluir os usuários rsilva e lmakiyama no grupo de email [EMAIL_MASKED] - incluir o usuário [EMAIL_MASKED] ao Share Ata de Registro de Preço como somente membro de leitura. Obrigado. | Realizado a inclusão dos usuários no grupo solicitado e o do Daniel como leitura no share desejado. | Sharepoint | Software",true
chunk-00072,ticket-0044,Massa_de_dados_exportada_Maio__Abertos.csv,ticket_history,[CMM] Acesso Semanal,Nutanix,Nutanix,LCM,low,[CMM] Acesso Semanal | Check semanal ambiente CMM. |  | Nutanix | LCM (Lifecycle Manager),true
chunk-00073,ticket-0045,Massa_de_dados_exportada_Maio__Abertos.csv,ticket_history,[CLEARIT] Liberação de Acesso Share,Sharepoint,,,low,"[CLEARIT] Liberação de Acesso Share | Olá, gostaria de solicitar a liberação para acesso conforme abaixo: Clear Tecnologia da Informacao Ltda\Share-Pos-Venda - Documentos\Clientes Clear Tecnologia da Informacao Ltda\Share-Contratos - Documentos | Acessos atribuídos conforme solicitado através do sharepoint admin center. | Sharepoint | Software",true
chunk-00074,ticket-0046,Massa_de_dados_exportada_Maio__Abertos.csv,ticket_history,[TJ-RR] Protection domain PD-BD02-5M snapshot '[PHONE_MASKED]' failed,Nutanix,Nutanix,Storage,high,"[TJ-RR] Protection domain PD-BD02-5M snapshot '[PHONE_MASKED]' failed | Ambiente Nutanix apresentou o seguinte erro crítico: Critical : Protection domain PD-BD02-5M snapshot '[PHONE_MASKED]' failed. Snapshot cancelled due to underlying error: Failed to finalize LWS for LCS 6baabad0-8134-4f8e-8638-9d770a1cb02e error kCanceled Failing the PD snapshot. Impact : A requested snapshot of guest VMs and files in the protection domain did not succeed. Cause : Protection domain has VMs being protected by other vstore(s) or in case of a cluster where Metro Availability is configured, Metro protection domain has more entities than supported. Stargate service may have been down or restarted during snapshot operation. Protection domain have vTPM enabled VMs present in it. Protection domain based snapshot operation is not supported for vTPM enabled VMs. Protection domain has VMs with PCI passthrough devices attached to it. Protection domain based snapshot operation is not supported for VMs with PCI passthrough devices attached to it. Resolution : Unprotect VMs from other vstore(s) before snapshotting the concerned protection domain. In case of a cluster where Metro Availability is configured, make sure number of entities are within the supported limit. Check if the Stargate service has restarted or is unavailable. Refer to KB 3784 to resolve Stargate service related failures. Once Stargate service is stable, subsequent snapshot creation tasks will succeed. Protect vTPM enabled VMs using a Nutanix DR Protection Policy to create Recovery Points. Review and update the configuration of the VMs in the Protection Domain. If the configuration of the VM cannot be changed then unprotect the VMs. Node Id : J50028C7 Block Id : J50028C7 Block Type : ThinkAgile HX650 V3 Storage CN Cluster Id : [PHONE_MASKED][PHONE_MASKED] Cluster Uuid : [PHONE_MASKED]-eb3c-1590-462e-7cd30a6e2468 Cluster Name : TJRR-ADM Cluster Version : el8.5-release-fraser-[IP_MASKED]-stable-cbae750d7c5e60b6363bf088293aafb67ae5e9e9 Cluster Ips : [IP_MASKED] [IP_MASKED] [IP_MASKED] [IP_MASKED] Timestamp : Fri May 15 23:18:38 -04 2026 Link to view alert : [URL_MASKED]]:9440/console/#details?action=details&actionTargetId=a64acab1-fd5c-45b6-9289-05be23ae3375&actionTarget=alert View KB Article(s) : [URL_MASKED] | O alerta foi auto-resolvido às 23:27. | Nutanix | Data Protection",true
chunk-00075,ticket-0047,Massa_de_dados_exportada_Maio__Abertos.csv,ticket_history,[PRODAM] DIMM CECC error,Nutanix,Nutanix,,high,"[PRODAM] DIMM CECC error | Solicito apoio para verificação de alerta reincidente: DIMM CECC errors found for P1-DIMMD2 on node [IP_MASKED], host Nutanix NX-8170-G9 (24SH5R240435). Ticket anterior #[TICKET_ID_MASKED] tratado pelo analista Marcos Santos, onde foi efetuado o procedimento de reboot do host e após 72h o problema não havia reincidido. | Por se tratar de um alerta em estado de recorrência (Já havia sido tratado em um chamado anterior, porém o problema retornou), realizamos a abertura do Case [PHONE_MASKED] junto a Nutanix. Para resolução do problema, a Nutanix realizou a substituição do módulo de memória fisicamente no Host em questão em 22/05. Após este processo, o erro foi corrigido e o problema sanado definitivamente. | Nutanix | Hardware",true
chunk-00076,ticket-0048,Massa_de_dados_exportada_Maio__Abertos.csv,ticket_history,[CMM] Verificar a rotina de backup,Exagrid,,,low,[CMM] Verificar a rotina de backup | Solictamos a inclusão da vm SRVCMMBDDIG03 (servidor de banco de dados SQLSERVER - [IP_MASKED]) e a verficação da lista de backup do servidor do camaradigita - [IP_MASKED] onde tivemos que fazer uma intervenção nesse servidor e tivmos que restaurar um snapshot. |  | Exagrid | Console,true
chunk-00077,ticket-0049,Massa_de_dados_exportada_Maio__Abertos.csv,ticket_history,[PRODAM] Cluster indisponível,Nutanix,Nutanix,AOS,high,"[PRODAM] Cluster indisponível | Cluster TRE indisponível. Cliente solicita abertura de chamado para suporte da Nutanix. Equipamentos Nutanix G7. | O Cluster Nutanix encontrava-se totalmente indisponível, com todos os serviços parados; Realizamos a análise inicial do ambiente Nutanix e validamos que os servidores físicos estavam operando normalmente; Validamos também toda a configuração de rede do ambiente Nutanix; Alteramos a configuração de rede de active-backup para balance-slb (Active-Active com MAC Pinning); Reconfiguramos as portas dos switches CISCO conforme o padrão recomendado de implantação Nutanix; Após os ajustes, os Nodes voltaram a se comunicar corretamente; Executamos o comando cluster start para inicialização dos serviços do Cluster; Identificamos que um dos Nodes permaneceu em modo de manutenção após a inicialização do Cluster; Removemos o Node do modo de manutenção e o adicionamos novamente ao Metadata Ring; Validamos que os 3 Nodes ficaram operantes e funcionais; Foi identificado um erro relacionado ao Virtual Switch; Executamos o comando net.migrate_br_to_virtual_switch br0 vs_name=vs0 para migração do Virtual Bond para o Virtual Switch; Corrigimos os alertas apresentados no Cluster; Também realizamos a limpeza/forçamento das tasks com erro que permaneciam no Cluster há mais de duas semanas. | Nutanix | AOS",true
chunk-00078,ticket-0050,Massa_de_dados_exportada_Maio__Abertos.csv,ticket_history,[SDTI-AC] Migracao do Veeam 12 (Windows) pro Veeam 13 (Linux),Veeam,Nutanix,AOS,low,"[SDTI-AC] Migracao do Veeam 12 (Windows) pro Veeam 13 (Linux) | Boa tarde, pessoal. Tudo bem? Precisamos migrar o Veeam 12 pro Veeam 13 devido aos travamentos constantes do Windows. Agradeco desde ja o suporte de sempre! Abracos. |  | Veeam | Servidor VBR (Management Server)",true
chunk-00079,ticket-0051,Massa_de_dados_exportada_Maio__Abertos.csv,ticket_history,[AM ENERGIA] Porta apresentando CRC - Sw Arista,Arista,,,medium,"[AM ENERGIA] Porta apresentando CRC - Sw Arista | Solicitamos apoio para tratar o erro que está ocorrendo no Sw Arista: Será acompanhada por nosso Especialista: João Medeiros [EMAIL_MASKED] [PHONE_MASKED] | Durante sessão, identificamos erros de CRC no cabo responsável por realizar mlag entre os switches Arista. Validamos internamente em nosso estoque e conseguimos localizar o item para substituição. O cabo foi entregue no endereço do cliente em 25/05, no período da manhã, a troca foi realizada com êxito e o cliente informou que os erros de CRC não estão mais sendo apresentados. | Arista | Switch",true
chunk-00080,ticket-0052,Massa_de_dados_exportada_Maio__Abertos.csv,ticket_history,[CLEARIT] LIBERAÇÃO DE ACESSO AO SISTEMA DME PREFEITURA AM,Outros,,,medium,"[CLEARIT] LIBERAÇÃO DE ACESSO AO SISTEMA DME PREFEITURA AM | Bom dia, Afonso! Não estou conseguindo acessar o sistema da prefeitura DME, pede liberação de segurança, poderia por favor verificar? [URL_MASKED] | Durante acesso remoto via Teams foi possivel validar que o erro foi um bloqueio gerado em um encereco da AManzonAWS. O acesso foi liberado e o download foi realizado corretamente | Outros | Outros",true
chunk-00081,ticket-0053,Massa_de_dados_exportada_Maio__Abertos.csv,ticket_history,[MPPA] Task Stuck.,Nutanix,Nutanix,LCM,low,"[MPPA] Task Stuck. |  | Diagnosticado estado anômalo de 13 tasks no banco de dados Ergon com status não terminável (kRunning/kQueued persistido desde 2025-06-21 Verificado que as tasks principais eram do componente LCM (Log Collection) com subtasks bloqueadas, impedindo transição de estado Executado `ecli task.list include_completed=false` para mapear todas as tasks congeladas no sistema Abortadas manualmente 10 tasks do LCM Log Collection utilizando comando `ergon_update_task --task_uuid='<UUID>' --task_status=aborted` Metodicamente limpadas todas as subtasks com status kQueued antes de abortar suas tasks pai, respeitando hierarquia de dependências | Nutanix | AOS",true
chunk-00082,ticket-0054,Massa_de_dados_exportada_Maio__Abertos.csv,ticket_history,[MPPA] Dense Node Minimum CVM,Nutanix,Nutanix,AOS,low,"[MPPA] Dense Node Minimum CVM | Detailed information for dense_node_minimum_cvm_configuration_checks: Node [IP_MASKED]: WARN: The following dense node CVM(s) do not have required memory to support RPO less than 6 hours. Node [[IP_MASKED]] has [36]GiB, required memory in GiB: [40] Node [[IP_MASKED]] has [36]GiB, required memory in GiB: [40] Node [[IP_MASKED]] has [36]GiB, required memory in GiB: [40] Node [[IP_MASKED]] has [36]GiB, required memory in GiB: [40] Node [[IP_MASKED]] has [36]GiB, required memory in GiB: [40] Refer to KB 15204 ([URL_MASKED]) for details on dense_node_minimum_cvm_configuration_checks | Aumento de capacidade de memoria na CVM. | Nutanix | AOS",true
chunk-00083,ticket-0055,Massa_de_dados_exportada_Maio__Abertos.csv,ticket_history,SR:Switch Gerenciável - Configuração inicial e integração na rede,,,,low,SR:Switch Gerenciável - Configuração inicial e integração na rede,true
chunk-00084,ticket-0056,Massa_de_dados_exportada_Maio__Abertos.csv,ticket_history,[TJ-RR] Verificação da saúde do Cluster TJRR-DR,Nutanix,Nutanix,,high,"[TJ-RR] Verificação da saúde do Cluster TJRR-DR | O cluster TJRR-DR tem 3 nodes apresentando alertas críticos, dois deles se referem a falhas de SSD M2. Nossa equipe técnica já percebeu que quando recuperamos uma VM em algum desses nodes, ela apresenta falha. Assim, solicito uma análise do ambiente. Após a análise, sugiro uma reunião entre as equipes técnicas do TJRR e ClearIT para discutir a alterativas para solucionar o problema. |  | Nutanix | Hardware",true
chunk-00085,ticket-0057,Massa_de_dados_exportada_Maio__Abertos.csv,ticket_history,SR:A10 Networks - Configuração de virtual servers (VIPs) e serviços associados,,,,low,SR:A10 Networks - Configuração de virtual servers (VIPs) e serviços associados,true
chunk-00086,ticket-0058,Massa_de_dados_exportada_Maio__Abertos.csv,ticket_history,[CMM] Falha Backup Veeam,Veeam,Nutanix,,low,[CMM] Falha Backup Veeam |  | Realizamos reboot do proxy para reestabelecer a conexão com o Nutanix. | Veeam | Jobs (Execução),true
chunk-00087,ticket-0059,Massa_de_dados_exportada_Maio__Abertos.csv,ticket_history,[CLEARIT] Nao recebimento de email do Diego Costa de Brasilia,Outros,,,high,"[CLEARIT] Nao recebimento de email do Diego Costa de Brasilia | Nao estou recebendo email do Diego Costa, da nossa filial de Brasilia | Foi realizada análise do envio informado pelo usuário através do rastreamento de mensagens no Exchange Admin Center. Inicialmente, o e-mail constava como entregue no fluxo de mensagens, porém, após validação complementar no Microsoft Defender, identificamos que a mensagem havia sido direcionada para quarentena pela política antimalware, devido à análise de segurança do conteúdo/link presente no e-mail. Após validação, a mensagem foi liberada da quarentena e disponibilizada ao destinatário. Orientado que o destinatário verifique novamente a Caixa de Entrada e realize a busca pelo assunto do e-mail no Outlook Web, caso necessário. Solicitação atendida. | Outros | Outros",true
chunk-00088,ticket-0060,Massa_de_dados_exportada_Maio__Abertos.csv,ticket_history,SR:Nutanix Foundation - Otimização de recursos de cluster,,Nutanix,,high,SR:Nutanix Foundation - Otimização de recursos de cluster | POC-NCM,true
chunk-00089,ticket-0061,Massa_de_dados_exportada_Maio__Abertos.csv,ticket_history,[CMM] Retirada CMM-DR do Prism Central,Nutanix,Nutanix,Prism,high,"[CMM] Retirada CMM-DR do Prism Central | Retirar antigo DR do prism central | Como o cluster cmm-dr ja havia sido retirado, foi preciso realizar a remoção via: nutanix@NTNX-172-22-0-8-A-PCVM:~$ ncli multicluster delete-cluster-state cluster-id= | Nutanix | Prism (Management)",true
chunk-00090,ticket-0062,Massa_de_dados_exportada_Maio__Abertos.csv,ticket_history,[CLEAR] Onboarding - Vinicius Pereira Marques,,,,low,[CLEAR] Onboarding - Vinicius Pereira Marques,true
chunk-00091,ticket-0063,Massa_de_dados_exportada_Maio__Abertos.csv,ticket_history,[CLEARIT] acesso a plataforma Odoo,Outros,,,low,"[CLEARIT] acesso a plataforma Odoo | Bom dia ,tudo bem ? O Paulo Freitas quer que eu tenha acesso a plataforma Odoo igual o time de compras e logística , pois estou auxiliando eles nas demandas , poderiam me ajudar em relação a isso ? Caso tenham alguma duvida por gentileza consultar o Paulo . Obrigada | Realizado a liberação dos acessos. | Outros | Outros",true
chunk-00092,ticket-0064,Massa_de_dados_exportada_Maio__Abertos.csv,ticket_history,[CLEARIT] Health Check Office SP,Outros,,,low,[CLEARIT] Health Check Office SP | Health Check Office SP |  | Outros | Outros,true
chunk-00093,ticket-0065,Massa_de_dados_exportada_Maio__Abertos.csv,ticket_history,[CLEARIT] Health Check Sistemas ClearIT,Outros,,,low,[CLEARIT] Health Check Sistemas ClearIT | [ClearIT] Health Check Sistemas ClearIT |  | Outros | Outros,true
chunk-00094,ticket-0066,Massa_de_dados_exportada_Maio__Abertos.csv,ticket_history,[TCM-SP] Atualização do cluster Nutanix,Nutanix,Nutanix,Prism,high,"[TCM-SP] Atualização do cluster Nutanix | Bom dia, Gostaria de agendar um suporte para atualização de Prism Central, AOS e AHV para os dias 29 e 30/05/2026. Versoes atuais: pc.[IP_MASKED] AOS [IP_MASKED] AHV [IP_MASKED] Versoes pretendidas: pc.[IP_MASKED] ou pc.[IP_MASKED] AOS [IP_MASKED] ou AOS [IP_MASKED] AHV [IP_MASKED] ou AHV [IP_MASKED] Gostaria da recomendação de vocês para a versão final, se mantemos a última da 7.3 ou se vamos já para a última da 7.5. A versão 7.5 já está estável? Tem outros clientes instalados? O motivo da atualização é este security update: SA-47 Investigation and Break-Fix Guidance for CVE-[PHONE_MASKED]1 Copyfail [URL_MASKED] Muito obrigado, José | Foram realizadas atualizações no ambiente Nutanix: Prism Central atualizado de pc.[IP_MASKED] para pc.[IP_MASKED] e AOS atualizado de [IP_MASKED] para [IP_MASKED]. Não houve impacto crítico reportado durante as atualizações concluídas. As atualizações do AHV foram realizadas em 30/05, sem nenhum impacto no ambiente. | Nutanix | LCM (Lifecycle Manager)",true
chunk-00095,ticket-0067,Massa_de_dados_exportada_Maio__Abertos.csv,ticket_history,[PMM] Recriação do ambiente NKP,Nutanix,Nutanix,NKP,high,"[PMM] Recriação do ambiente NKP | Prezados, Segundo a documentação da Nutanix em [URL_MASKED] a configuração abaixo, quando aplicada após a criação do cluster, pode ser perdida, voltando ao estado de intermitência: loadBalancer: mode: snat Por este motivo, solicitamos apoio para a recriar o ambiente com as configurações certas, incluindo a configuração do servidor NTP local para que o indicador ""System clock synchronized"" fique ""yes"". Cordialmente, Flávio Almeida Técnico de Tecnologia da Informação da Fazenda Municipal Divisão de Segurança e Infraestrutura de TI - DSITI/SUBTI/SEMEF [EMAIL_MASKED] |  | Nutanix | NKP (Kubernetes)",true
chunk-00096,ticket-0068,Massa_de_dados_exportada_Maio__Abertos.csv,ticket_history,[CLEARIT] Configuração DNS Cloudflare,Outros,,,low,"[CLEARIT] Configuração DNS Cloudflare | Bom dia, Solicito apoio para a criação de apontamentos no DNS da Cloudflare da Clear para os seguintes endereços: Tipo: A Nome: o11y ([URL_MASKED]) IP: [IP_MASKED] | registro criado no DNS. | Outros | Outros",true
chunk-00097,ticket-0069,Massa_de_dados_exportada_Maio__Abertos.csv,ticket_history,[SEMA-MT] Atualização de certificados nos storages exagrid,Exagrid,,Storage,medium,"[SEMA-MT] Atualização de certificados nos storages exagrid | Boa tarde, Preciso de auxilio para atualizar os certificados válidos para os dois storages exagrid que possuimos. Tentei realizar o procedimento mas não funcionou, um dos equipamentos está apresentando problema na tela de certificados root CA. | Reinicio dos serviços realizado pela fabricante. | Exagrid | Console",true
chunk-00098,ticket-0070,Massa_de_dados_exportada_Maio__Abertos.csv,ticket_history,[INDT-AM] Acesso Mensal - Serviços Gerenciáveis,,,,low,[INDT-AM] Acesso Mensal - Serviços Gerenciáveis | [INDT-AM] Acesso Mensal - Serviços Gerenciáveis,true
chunk-00099,ticket-0071,Massa_de_dados_exportada_Maio__Abertos.csv,ticket_history,[CMM] Acesso Semanal,Nutanix,Nutanix,LCM,low,[CMM] Acesso Semanal | Check semanal ambiente CMM. |  | Nutanix | LCM (Lifecycle Manager),true
chunk-00100,ticket-0072,Massa_de_dados_exportada_Maio__Abertos.csv,ticket_history,[CLEARIT] Monitores para o escritor do Rio de Janeiro,Monitor,Nutanix,AOS,low,"[CLEARIT] Monitores para o escritor do Rio de Janeiro | Boa tarde! Solicito o envio de dois monitores, atendendo ao padrão utilizado em São Paulo, para uso no escritório do Rio de Janeiro. Como não temos recepcionistas trabalhando no escritório aos finais de semana, sugiro enviar os dois equipamentos para o endereço abaixo: Rua Tonelero, 186, ap. 705 - Copacabana - Rio de Janeiro - RJ - CEP: 22030-002 A/C Geilson Melo |  | Monitor | Hardware",true
chunk-00101,ticket-0073,Massa_de_dados_exportada_Maio__Abertos.csv,ticket_history,[CLEARIT] Usuário CRM,Odoo,,,low,[CLEARIT] Usuário CRM | Favor adicionar o usuário Daniel Galvão ao CRM | Acesso concedido com sucesso. | Odoo | Software,true
chunk-00102,ticket-0074,Massa_de_dados_exportada_Maio__Abertos.csv,ticket_history,[CLEARIT] Criação de acesso a VPN,Windows,Nutanix,AOS,low,"[CLEARIT] Criação de acesso a VPN | Boa Tarde! Solicito a criação do meu acesso a VPN. Acesso solicitado para realização das atividades, como acesso aos sistemas Zabbix, Grafana, Obserbalit IA (011Y). Desde já agradeço. | Usuario da VPN criado e VPN configurada. | Windows | Software",true
chunk-00103,ticket-0075,Massa_de_dados_exportada_Maio__Abertos.csv,ticket_history,[PMM] Duvida sobre licenciamento e suporte do Prism Central,Nutanix,Nutanix,Prism,high,[PMM] Duvida sobre licenciamento e suporte do Prism Central | Bom dia! Gostaríamos de tirar uma dúvida sobre a questão do suporte oficial da Nutanix ao Prism Central. Precisamos adicionar um cluster não licenciado ao mesmo Prism Central de um cluster licenciado e gostaríamos de saber se o suporte oficial estará garantido nesse cenário. Conforme a documentação da própria Nutanix no link: [URL_MASKED] e imagem em anexo. | Respondido as dúvidas do cliente referente ao suporte presente dentro do licenciamento para os clusters registrados no Prism Central. | Nutanix | Prism (Management),true
chunk-00104,ticket-0076,Massa_de_dados_exportada_Maio__Abertos.csv,ticket_history,[SEFAZ-AC] Falha durante atualização,Nutanix,Nutanix,LCM,high,"[SEFAZ-AC] Falha durante atualização | Prezados, estamos com um host do cluster em modo manutenção após uma falha na atualização do ambiente. | Problema: O nó AHVSFZAI03 encontrava-se indisponível e retido no ambiente Phoenix / Modo de manutenção. Ação Realizada: Realizado o acesso à console do IPMI para forçar a inicialização do hypervisor (AHV) executando o script reboot_to_host.py. Após o boot, a conectividade foi validada e o host foi retirado do modo de manutenção através da CVM (comando acli host.exit_maintenance_mode). Conclusão: O nó foi inicializado com sucesso, restabeleceu a comunicação com o cluster e encontra-se pronto. | Nutanix | LCM (Lifecycle Manager)",true
chunk-00105,ticket-0077,Massa_de_dados_exportada_Maio__Abertos.csv,ticket_history,[PMM] Falha ao tentar adicionar cluster ao Prism central,Nutanix,Nutanix,Prism,high,"[PMM] Falha ao tentar adicionar cluster ao Prism central | Boa tarde! Durante o procedimento de adição de um cluster ao prism central, recebemos a seguinte mensagem de erro: ""The cluster is blacklisted for further registration"" Precisamos realizar esse procedimento com mais dois clusters. | Acesso realizado à CVM ([IP_MASKED]) via SSH. Executado o comando zkrm /appliance/physical/blacklisted para remover o bloqueio no Zookeeper. Novo procedimento de registo no Prism Central ([IP_MASKED]) concluído com sucesso. | Nutanix | Prism (Management)",true
chunk-00106,ticket-0078,Massa_de_dados_exportada_Maio__Abertos.csv,ticket_history,[AM ENERGIA] Disco com mensagem de não montado,Nutanix,Nutanix,Storage,high,"[AM ENERGIA] Disco com mensagem de não montado | Solicitamos apoio técnico para verificação de erro no host HX5520 (J50007KM): | Cliente entrou em contato informando que um dos discos de um dos nós do Cluster (J50007KM) se encontrava com defeito. Foram realizadas tentativas de re-scan dos dispositivos de armazenamento sem sucesso. Com base nos testes realizados, o comportamento apontava falha de hardware envolvendo o disco ou componentes relacionados, como controladora ou backplane, com o agravante da indisponibilidade do BMC. Foi realizado abertura de chamado junto a Lenovo para seguir com a tratativa do caso, case E0481M0AVL. Na data de 05/06, o técnico da Lenovo compareceu ao datacenter, onde o nó em questão foi inserido em modo manutenção, e a troca do disco foi realizada com sucesso. Após o disco ter sido reconhecido e montado, realizamos a retirada do Nó de modo manutenção e validamos através da IPMI que todos os discos estão sendo reconhecidos. | Nutanix | Hardware",true
chunk-00107,ticket-0079,Massa_de_dados_exportada_Maio__Abertos.csv,ticket_history,[AM ENERGIA] Solicitação de cadastro no Portal da Central de Serviços - Clear IT,Outros,,,low,"[AM ENERGIA] Solicitação de cadastro no Portal da Central de Serviços - Clear IT | Bom dia. Solicitamos o cadastro do colaborador abaixo, para abertura de chamados no Portal. João Vieira de Medeiros Neto - [EMAIL_MASKED] | Contato já criado conforme solicitado | Outros | Outros",true
chunk-00108,ticket-0080,Massa_de_dados_exportada_Maio__Abertos.csv,ticket_history,[CLEARIT] OUTLOOK | Erro ao enviar e-mail – Rótulo de confidencialidade não reconhecido,Outros,,,medium,"[CLEARIT] OUTLOOK | Erro ao enviar e-mail – Rótulo de confidencialidade não reconhecido | Olá, Estou recebendo o erro abaixo ao tentar enviar e-mails, mesmo após aplicar o rótulo de confidencialidade na mensagem. Já tentei 3 vezes e o erro persiste: ""Tentativa de envio de e-mail sem rótulo de confidencialidade, o que não é permitido pelas políticas de segurança."" - Rótulo aplicado: Externo Att. |  | Outros | Outros",true
chunk-00109,ticket-0081,Massa_de_dados_exportada_Maio__Abertos.csv,ticket_history,[CLEARIT] acesso a pasta de rede,Sharepoint,,,low,"[CLEARIT] acesso a pasta de rede | Boa Tarde, prezado! Solicito o acesso a pasta de rede para envio, visualização e edição de documentos e pastas. Desde já agradeço. At.te, Vinicius Marques | Acesso concedido | Sharepoint | Software",true
chunk-00110,ticket-0082,Massa_de_dados_exportada_Maio__Abertos.csv,ticket_history,[CLEARIT] Cadastro Impressora,Outros,,,low,"[CLEARIT] Cadastro Impressora | Solicito, por gentileza, o cadastro/instalação da impressora na minha máquina, para que eu possa utilizá-la. | Impressora configurada. | Outros | Outros",true
chunk-00111,ticket-0083,Massa_de_dados_exportada_Maio__Abertos.csv,ticket_history,[CLEARIT] Instalar e testar o APP de Karaoke KARAFUN na TV,Outros,,,low,[CLEARIT] Instalar e testar o APP de Karaoke KARAFUN na TV | Solicito a gentileza de instalar o aplicativo KaraFun na TV e realizar teste. Estou a disposição. Obrigada |  | Outros | Outros,true
chunk-00112,ticket-0084,Massa_de_dados_exportada_Maio__Abertos.csv,ticket_history,[CLEARIT] Liberar / Mapear pasta,Outros,,,low,"[CLEARIT] Liberar / Mapear pasta | Solicito a gentileza de liberar , mapear a pasta para a colaboradora Monize Machado. C:\Users\BeatrizRibeiro\Clear Tecnologia da Informacao Ltda\Share-Marketing - Eventos 2025 Obrigada | Colaboradora já com acesso ao share-marketing. | Outros | Outros",true
chunk-00113,ticket-0085,Massa_de_dados_exportada_Maio__Abertos.csv,ticket_history,[CLEARIT] Cadastrar acesso a porta da sala do estoque - Ricardo Dias e Juliana Soares,Outros,,,low,"[CLEARIT] Cadastrar acesso a porta da sala do estoque - Ricardo Dias e Juliana Soares | Solicitamos a gentileza de cadastrar o acesso a porta da sala de estoque, localizada no 6o andar, ao lado da sala da diretoria para : Ricardo Dias e Juliana Soares Estamos a disposição Obrigada Juliana |  | Outros | Outros",true
chunk-00114,ticket-0086,Massa_de_dados_exportada_Maio__Abertos.csv,ticket_history,[SIDIA] Realização do foundation Nutanix - G7,Nutanix,Nutanix,Prism,high,"[SIDIA] Realização do foundation Nutanix - G7 | Boa tarde, Solicito a realização do Foundation no nosso Cluster Nutanix G7 de 5 Nodes. Esse cluster hoje está na rede Samsung e iremos configurá-lo na rede Sidia, para implantação de um DR. Obs. Esse cluster não possui mais licenciamento. Estou a disposição para maiores informações. Att. | Processo de foundation realizado conforme documentação oficial Nutanix: [URL_MASKED] Dados utilizados durante o processo: -------------///-----------------///----------------- Topologia Foundation Nutanix - Contingência -------------///-----------------///----------------- NutanixDataService-CTG [IP_MASKED] PrismElement-CTG [IP_MASKED] -------------///-----------------///----------------- Hosts [IP_MASKED] Nutanix-CTG_AHV-Node01 [IP_MASKED] Nutanix-CTG_AHV-Node02 [IP_MASKED] Nutanix-CTG_AHV-Node03 [IP_MASKED] Nutanix-CTG_AHV-Node04 [IP_MASKED] Nutanix-CTG_AHV-Node05 -------------///-----------------///----------------- CVMs [IP_MASKED] Nutanix-CTG_CVM-Node01 [IP_MASKED] Nutanix-CTG_CVM-Node02 [IP_MASKED] Nutanix-CTG_CVM-Node03 [IP_MASKED] Nutanix-CTG_CVM-Node04 [IP_MASKED] Nutanix-CTG_CVM-Node05 -------------///-----------------///----------------- IPMI [IP_MASKED] Nutanix-CTG_IPMI-Node01 [IP_MASKED] Nutanix-CTG_IPMI-Node02 [IP_MASKED] Nutanix-CTG_IPMI-Node03 [IP_MASKED] Nutanix-CTG_IPMI-Node04 [IP_MASKED] Nutanix-CTG_IPMI-Node05 Processo de Foundation foi realizado com sucesso. | Nutanix | Prism (Management)",true
chunk-00115,ticket-0087,Massa_de_dados_exportada_Maio__Abertos.csv,ticket_history,[TJAC] Alertas Nutanis,Nutanix,Nutanix,Prism,medium,"[TJAC] Alertas Nutanis | Bom dia, estamos com alguns alertas no nosso Nutanix que seguem a baixo e solicito apoio para mitigação: Tem esse do NTP que de vez em quanto aparece e se auto resolve. Além desse email recebido hoje: | Para o NTP, a princípio não é necessária ação, uma vez que tem se auto resolvido. Fizemos a limpeza da partição /home/log/audit com o comando sudo rm -f *.log* Pedi para o João e o time gerar um novo ticket para o agendamento da atualização seguindo o Securty Advisory e para a troca das senhas admins da CVM e do PC | Nutanix | Prism (Management)",true
chunk-00116,ticket-0088,Massa_de_dados_exportada_Maio__Abertos.csv,ticket_history,[CLEARIT] Health Check Sistemas ClearIT,Outros,,,low,[CLEARIT] Health Check Sistemas ClearIT | [ClearIT] Health Check Sistemas ClearIT |  | Outros | Outros,true
chunk-00117,ticket-0089,Massa_de_dados_exportada_Maio__Abertos.csv,ticket_history,[CLEARIT] Health Check Office SP,Outros,,,low,[CLEARIT] Health Check Office SP | Health Check Office SP |  | Outros | Outros,true
chunk-00118,ticket-0090,Massa_de_dados_exportada_Maio__Abertos.csv,ticket_history,[PMM] Falha na execução do Inventory LCM,Nutanix,Nutanix,LCM,high,"[PMM] Falha na execução do Inventory LCM | Bom dia! Recebemos um erro na tentativa de execução do inventory do cluster PMM-DB conforme imagem em anexo. Os arquivos referenciados de log na imagem são muito grandes | Fizemos novamente o processo, e o erro não aconteceu novamente, portanto não foi necessária qualquer atividade de troubleshooting | Nutanix | LCM (Lifecycle Manager)",true
chunk-00119,ticket-0091,Massa_de_dados_exportada_Maio__Abertos.csv,ticket_history,[MPPA] LCM Pre-check Failure: CMSP ClusterWorkflow and Monitoring Addons Unhealthy,Nutanix,Nutanix,Prism,high,"[MPPA] LCM Pre-check Failure: CMSP ClusterWorkflow and Monitoring Addons Unhealthy |  | Durante o processo de atualização via LCM, foi detectado o erro exit status 1 no pre-check. A investigação via CLI revelou que os componentes Addons (especificamente o monitoramento) e ClusterWorkflow estavam em estado unhealthy. Análise Técnica Causa Raiz: O pod prometheus-k8s-0 no namespace ntnx-system apresentava um loop crítico de reinicialização, com mais de 22.000 restarts. Diagnóstico: O container principal do Prometheus estava incapaz de inicializar devido ao acúmulo de mais de 24.000 segmentos de log (WAL) e diretórios de checkpoint corrompidos no volume persistente. Ações Realizadas Intervenção em Disco: Realizado acesso via root para montagem da partição do CMSP e limpeza manual do diretório de checkpoints travados (/bin/rm -rf checkpoint.002001/). Recriação do Serviço: O pod foi deletado para forçar a regeneração do banco de dados de métricas em um estado limpo. Sincronização do Workflow: Executado o comando mspctl cls upgrade prism-central para destravar o status do gerenciador de atualização que estava em timeout. Conclusão: Após novo inventário no LCM, a saúde de todos os componentes foi restabelecida (Healthy). | Nutanix | Prism (Management)",true
chunk-00120,ticket-0092,Massa_de_dados_exportada_Maio__Abertos.csv,ticket_history,[CLEARIT] Ajuda com formulários pelo clicksing,Outros,,,low,"[CLEARIT] Ajuda com formulários pelo clicksing | Boa tarde! Preciso de auxilio para criação de formulário na plataformas Clicksign, para disparar para os colaboradores. | Formulario criado. | Outros | Outros",true
chunk-00121,ticket-0093,Massa_de_dados_exportada_Maio__Abertos.csv,ticket_history,[CLEARIT] Cadastro de função do Odoo,Odoo,,,low,[CLEARIT] Cadastro de função do Odoo | Preciso estar cadastrado como BDM no Odoo. Ainda não consigo associar Leads no meu perfil. | Realizado ajuste no Odoo. | Odoo | Software,true
chunk-00122,ticket-0094,Massa_de_dados_exportada_Maio__Abertos.csv,ticket_history,[CLEARIT] Instalador SentinelOne,Sentinel One,,,low,"[CLEARIT] Instalador SentinelOne | Bom dia, Poderia disponibilizar uma imagem atualizada do SentinelOne para MacOS, arquitetura M1 de processador? | Realizado o envio da versão nova do sentinel e de acordo com o usuario funcionou corretamente. | Sentinel One | Agent (Clients)",true
chunk-00123,ticket-0095,Massa_de_dados_exportada_Maio__Abertos.csv,ticket_history,[CLEARIT] Mapeamento de Share,Windows,,,low,[CLEARIT] Mapeamento de Share | Solicito mapeamento de unidade com o Share Comercial no meu computador pessoal ao qual eu utilizo nos meus dias de Home. Já autorizado pelo Alexandre Guidorzi | Pasta sincronizada na maquina do usuario. | Windows | Software,true
chunk-00124,ticket-0096,Massa_de_dados_exportada_Maio__Abertos.csv,ticket_history,[CLEARIT] Liberação de acesso via OAuth ao Microsoft 365 (meu usuário) para projeto interno de produtividade,Office 365,,,low,"[CLEARIT] Liberação de acesso via OAuth ao Microsoft 365 (meu usuário) para projeto interno de produtividade | Pessoal de TI, bom dia. Estou tocando uma iniciativa pra organizar melhor meu dia-a-dia como BDM/PM · basicamente quero consolidar email, agenda, anotações e demandas de pré-vendas em uma camada única de visibilidade, pra reduzir tempo gasto preparando reuniões e perder menos coisa entre as abas abertas. Pra isso preciso de acesso programático autenticado ao Microsoft 365 corporativo, apenas no meu próprio usuário ([EMAIL_MASKED]) · sem ler email/agenda de ninguém, sem permissão administrativa. Só leitura do que já é meu. O que precisa ser liberado: Mail.Read — ler meu próprio email Calendars.Read — ler minha própria agenda User.Read — ler meu perfil básico (padrão OAuth) Tudo via fluxo OAuth 2.0 / Modern Authentication — sem Basic Auth, sem IMAP legado, sem app password. |  | Office 365 | Software",true
chunk-00125,ticket-0097,Massa_de_dados_exportada_Maio__Abertos.csv,ticket_history,[CLEARIT] Lead não aparece no meu Odoo,Odoo,,,low,"[CLEARIT] Lead não aparece no meu Odoo | O Geilson (vendedor) criou um Lead e já conseguiu me marcar como BDM, porém o Lead ainda não aparece pra mim no Odoo. Não sei se é alguma configuração no meu Odoo ou no dele. Uma diferença que notei é que no meu aparecem 3 ""Clear""s diferentes e no dele só aparece uma. Não sei pode estar relacionado. | Leads estão aparecendo devido as configurações liberadas no Odoo. | Odoo | Software",true
chunk-00126,ticket-0098,Massa_de_dados_exportada_Maio__Abertos.csv,ticket_history,SR:Nutanix Files - Migração de dados não estruturados para compartilhamento Nutanix Files/Nutanix Unified Storage (máximo 4TiB),Nutanix,Nutanix,Storage,medium,SR:Nutanix Files - Migração de dados não estruturados para compartilhamento Nutanix Files/Nutanix Unified Storage (máximo 4TiB) |  |  | Nutanix,true
